financial_year,year_start,hh_metered_ml_d,hh_unmetered_ml_d,leakage_l_prop_d,leakage_ml_d,metered_occupancy_h_prop,metered_properties_000,metering_penetration,nhh_metered_ml_d,nhh_unmetered_ml_d,pcc_avg_lhd,pcc_metered_lhd,pcc_unmetered_lhd,population_000,total_properties_000,unmetered_occupancy_h_prop,climate_change_supply_impact_ml_d,deployable_output_ml_d,other_supply_change_ml_d,outage_allowance_ml_d,raw_treatment_losses_ml_d,sustainability_reduction_ml_d,distribution_input_ml_d,published_sdb_ml_d,target_headroom_ml_d,total_wafu_ml_d,wafu_own_sources_ml_d,wrz,household_consumption_ml_d,non_household_consumption_ml_d,customer_consumption_ml_d,residual_other_demand_ml_d,calculated_sdb_ml_d,sdb_reconciliation_error_ml_d,di_reconciliation_error_ml_d
2020-21,2020,293.2714825526864,462.84536720040404,119.73414022623871,286.08219902588684,2.3707809616323723,1034.4383369736977,0.46,178.63009817655984,1.0187867859152797,135.9944923771094,119.58419826592674,148.94551011637424,5776.8140616388955,2389.311841095046,2.7915548383797617,0.0,1457.5003124364475,0.0,34.22718361689675,52.713946583366585,0.0,1278.8418746127709,38.3104879861002,24.506819637312972,1341.659182236184,1362.5591822361841,Strategic Grid,756.1168497530905,179.6488849624751,935.7657347155656,56.99394087131844,38.3104879861002,0.0,0.0
2021-22,2021,288.9505801353781,440.7652302905986,116.06906346612524,277.80420474978416,2.370525240910691,1066.8334219112235,0.5093,209.69570993492985,1.100584480100717,129.93422495508386,114.25688348797978,142.77718403777314,5709.813043939368,2393.4388410987854,2.79129911765808,0.0,1447.50031243645,0.0,50.87830895166869,38.08,0.0,1264.08413261521,51.60992822625093,21.947942643317955,1337.6420034847788,1358.542003484779,Strategic Grid,729.7158104259768,210.79629441503056,940.5121048410074,45.76782302441836,51.60992822625093,0.0,0.0
2022-23,2022,300.720949170895,377.3681485678252,111.02966300082987,272.13,2.1719065537237436,1158.1614476669147,0.5004179059192034,234.53635377957315,4.732947889698903,130.84891417157252,119.6,141.5,5276.002459310545,2450.966639410281,2.5302372291902575,-12.0,1428.8163127490143,0.0,124.05969610923822,37.426549384266835,0.0,1224.5471177292657,-38.196990910011564,112.30648982052197,1298.656616639776,1292.756616639776,Strategic Grid,678.0890977387202,239.26930166927204,917.3583994079922,35.05871832127343,-38.196990910011564,0.0,0.0
2023-24,2023,310.17110288111076,369.88794650198764,110.13134847515396,272.13,2.167878691539847,1197.1358536665373,0.5129002455868192,235.24731654386594,4.732947889698903,130.39499960245755,119.5,141.2,5309.149751075058,2470.958575989774,2.5323456906849757,-14.0,1428.8163127490143,0.0,124.05969610923822,37.426549384266835,0.0,1227.2280321379367,-61.83512089915379,131.2637054009932,1296.656616639776,1290.756616639776,Strategic Grid,680.0590493830985,239.98026443356483,920.0393138166633,35.05871832127343,-61.83512089915379,0.0,0.0
2024-25,2024,319.58053494448836,362.6246871980567,109.25698843372982,272.13,2.164075559192505,1235.5218396926846,0.5249725186966552,235.1241940564701,4.732947889698903,129.98676907815624,119.5,140.9,5342.039627293122,2490.733122898233,2.534644426137303,-16.0,1428.8163127490143,0.0,124.05969610923822,37.426549384266835,0.0,1229.2510824099872,-83.11021488538009,148.51574911516892,1294.656616639776,1288.756616639776,Strategic Grid,682.205222142545,239.85714194616898,922.062364088714,35.058718321273204,-83.11021488538009,0.0,0.0
2025-26,2025,328.7344812235517,355.70433865376947,108.46706685547254,272.13,2.161568093907124,1271.9118771519943,0.5363755019848727,236.01320337133996,4.732947889698903,129.61155245925514,119.6,140.5,5374.4660160988715,2508.872120259331,2.5386130421642266,-18.0,1428.8163127490143,0.0,124.05969610923822,37.426549384266835,-5.0,1232.3736894596336,-89.78383096738165,145.0667581475241,1287.656616639776,1281.756616639776,Strategic Grid,684.4388198773212,240.74615126103885,925.18497113836,35.05871832127366,-89.78383096738165,0.0,0.0
2026-27,2026,337.8676919866098,348.9891028179515,107.69970344674229,272.13,2.1594423878054423,1307.6830565059454,0.5474097513851043,236.20718372528486,4.732947889698903,129.27285092617686,119.6,140.2,5407.006133512317,2526.747904506244,2.542966177213869,-20.0,1428.8163127490143,0.0,124.05969610923822,37.426549384266835,-5.0,1234.9856447408185,-109.03637788387505,159.70734978283258,1285.656616639776,1279.756616639776,Strategic Grid,686.8567948045613,240.94013161498376,927.7969264195451,35.05871832127343,-109.03637788387505,0.0,-2.2737367544323206e-13
2027-28,2027,346.8538797079624,342.4764923982896,106.97566588705881,272.13,2.157731838925487,1342.3339022026948,0.5579970260128786,236.3979445959353,4.732947889698903,128.96807146147947,119.8,139.9,5438.742218308759,2543.849554414603,2.5478234600220433,-22.0,1428.8163127490143,0.0,124.05969610923822,37.426549384266835,-5.0,1237.6499829131596,-138.10274828034116,184.1093820069576,1283.656616639776,1277.756616639776,Strategic Grid,689.3303721062521,241.13089248563418,930.4612645918862,35.05871832127343,-138.10274828034116,0.0,-2.2737367544323206e-13
2028-29,2028,355.86325226189524,336.1082706572855,106.25801089174769,272.13,2.155830574618583,1376.7228416440194,0.568310981725337,235.9405150066552,4.732947889698903,128.71149747570914,119.9,139.6,5469.91682934028,2561.0304363521113,2.552349226135503,-24.0,1428.8163127490143,0.0,124.05969610923822,37.426549384266835,-5.0,1239.8337041368081,-155.51916896129424,197.34208146426218,1281.656616639776,1275.756616639776,Strategic Grid,691.9715229191808,240.6734628963541,932.6449858155348,35.05871832127332,-155.51916896129424,0.0,0.0
2029-2030,2029,364.6079558642256,329.9730829644918,105.6098502620732,272.13,2.154848406056683,1409.3188558929207,0.5780941491039444,236.76500350591965,4.732947889698903,128.47349881195706,120.1,139.3,5500.187904643919,2576.748279868813,2.55807229593119,-26.0,1428.8163127490143,0.0,124.05969610923822,37.426549384266835,-5.0,1243.2677085456094,-177.92432380012502,214.31323189429173,1279.656616639776,1273.756616639776,Strategic Grid,694.5810388287174,241.49795139561854,936.0789902243359,35.05871832127343,-177.92432380012502,0.0,0.0
2030-2031,2030,372.0926202666675,323.6948317264983,104.93872793181104,272.13,2.153343601810951,1442.3470776704698,0.5877483372212411,236.9956090730021,4.732947889698903,127.9795621005615,119.8,138.9,5530.480553714258,2593.2275468102634,2.5629832721584265,-27.5,1428.8163127490143,0.0,124.05969610923822,37.426549384266835,-90.0,1244.7047272771404,-232.3832625777033,180.83515194033902,1193.156616639776,1187.256616639776,Strategic Grid,695.7874519931659,241.728556962701,937.5160089558668,35.058718321273545,-232.3832625777033,0.0,0.0
2031-2032,2031,379.70128792050104,317.375859088901,104.20274707958525,272.13,2.149808460895751,1476.886854379155,0.5974439975154033,237.241984056231,4.732947889698903,127.54413412833364,119.6,138.6,5559.15289985498,2611.5434345714484,2.565157164452423,-28.0,1428.8163127490143,0.0,124.05969610923822,37.426549384266835,-90.0,1246.2407972766055,-233.6299448326909,180.04576419586152,1192.656616639776,1186.756616639776,Strategic Grid,697.0771470094021,241.97493194592988,939.052078955332,35.05871832127343,-233.6299448326909,0.0,0.0
2032-33,2032,387.1976018727971,311.1952989179038,103.47701713091735,272.13,2.146222012496541,1511.1128972667454,0.6068735803943206,236.8192093273845,4.732947889698903,127.12686360934582,119.4,138.3,5587.441930091958,2629.8593402214697,2.567192216313054,-28.5,1428.8163127490143,0.0,124.05969610923822,37.426549384266835,-90.0,1247.1337763290578,-238.9285794277248,183.95141973844306,1192.156616639776,1186.256616639776,Strategic Grid,698.3929007907009,241.5521572170834,939.9450580077843,35.058718321273545,-238.9285794277248,0.0,0.0
2033-34,2033,394.5652580864792,305.13826484368917,102.76132540474923,272.13,2.142455491172226,1545.0311982831308,0.6160451999505575,237.65395842938446,4.732947889698903,126.72922466031216,119.2,138.0,5615.021352979902,2648.175263681673,2.5689355573828236,-29.0,1428.8163127490143,0.0,124.05969610923822,37.426549384266835,-90.0,1249.2791475705253,-244.1278312952917,186.50530036454248,1191.656616639776,1185.756616639776,Strategic Grid,699.7035229301684,242.38690631908335,942.0904292492518,35.058718321273545,-244.1278312952917,0.0,0.0
2034-35,2034,401.8249390163605,299.2063311553167,102.05401069772057,272.13,2.1385771141132035,1578.68624609138,0.6249725776067047,237.81379440373263,4.732947889698903,126.34902258857744,119.0,137.7,5642.144137419895,2666.529204874044,2.5704654165716803,-29.5,1428.8163127490143,0.0,124.05969610923822,37.426549384266835,-90.0,1250.7667307863821,-251.05254563055468,191.4424314839486,1191.156616639776,1185.256616639776,Strategic Grid,701.0312701716772,242.54674229343152,943.5780124651087,35.05871832127343,-251.05254563055468,0.0,0.0
2035-36,2035,409.3655431428558,293.60075459375446,101.35636577303893,272.13,2.134600805429013,1612.0460719099717,0.6336574036039068,237.97023983361672,4.732947889698903,126.09267454612781,119.0,137.6,5668.770122290779,2684.883163721201,2.571803465333507,-30.0,1428.8163127490143,0.0,124.05969610923822,37.426549384266835,-95.0,1252.8582037811996,-223.55573274185653,156.35414560043304,1185.656616639776,1179.756616639776,Strategic Grid,702.9662977366103,242.7031877233156,945.6694854599259,35.05871832127366,-223.55573274185653,0.0,2.2737367544323206e-13
2036-37,2036,416.89178493818065,288.1480912486217,100.66798032311587,272.13,2.130819084866124,1645.1222790863978,0.6421078903473281,237.46415878709402,4.732947889698903,125.85709036635232,118.9,137.4,5695.681276558198,2703.2428695454037,2.573302475518977,-30.5,1428.8163127490143,0.0,124.05969610923822,37.426549384266835,-95.0,1254.4257011848688,-226.71838642001333,157.44930187492062,1185.156616639776,1179.256616639776,Strategic Grid,705.0398761868023,242.1971066767929,947.2369828635952,35.058718321273545,-226.71838642001333,0.0,0.0
2037-38,2037,424.3102475067257,282.79571352649924,99.98888181278575,272.13,2.127045986566612,1677.9150147717762,0.6503303957461941,238.29569833884835,4.732947889698903,125.62695358082087,118.9,137.3,5722.38963741862,2721.6025928715035,2.5747403384618375,-31.000000000000004,1428.8163127490143,0.0,124.05969610923822,37.426549384266835,-95.0,1257.3233255830457,-235.0376416838561,162.37093274058643,1184.656616639776,1178.756616639776,Strategic Grid,707.105961033225,243.02864622854725,950.1346072617722,35.058718321273545,-235.0376416838561,0.0,0.0
2038-39,2038,431.59263220416426,277.52741680797766,99.31888357022459,272.13,2.1231292634400867,1710.43010982442,0.6583319106389864,238.4944689972674,4.732947889698903,125.40315649629916,118.8,137.2,5748.495487253094,2739.962333623971,2.5759328827859482,-31.5,1428.8163127490143,0.0,124.05969610923822,37.426549384266835,-95.0,1259.5361842203815,-236.33024039812327,160.9506728175178,1184.156616639776,1178.256616639776,Strategic Grid,709.1200490121419,243.2274168869663,952.3474658991081,35.05871832127343,-236.33024039812327,0.0,0.0
2039-40,2039,438.8398488781844,272.3884832938458,98.65780389321036,272.13,2.1196475297244155,1742.6733664325736,0.6661192221766897,238.70249876126823,4.732947889698903,125.17715168145195,118.8,137.0,5775.547370309593,2758.3220917278904,2.5775828254286566,-32.0,1428.8163127490143,0.0,124.05969610923822,37.426549384266835,-95.0,1261.8524971442707,-244.5031460532373,166.30726554874263,1183.656616639776,1177.756616639776,Strategic Grid,711.2283321720302,243.43544665096712,954.6637788229973,35.05871832127343,-244.5031460532373,0.0,0.0
2040-41,2040,446.00275470022865,267.35111557253725,98.00546588484056,272.13,2.116266954113829,1774.6499168641117,0.673698677360376,238.26621402237083,4.732947889698903,124.95473009519561,118.8,136.9,5802.671492512479,2776.6818671089336,2.579286432670362,-32.5,1428.8163127490143,0.0,124.05969610923822,37.426549384266835,-95.0,1263.5417505061093,-214.13409032402208,133.74895645768882,1183.156616639776,1177.256616639776,Strategic Grid,713.3538702727659,242.99916191206972,956.3530321848357,35.05871832127366,-214.13409032402208,0.0,2.2737367544323206e-13
2041-42,2041,453.0834844689378,262.41279640527614,97.36169729572258,272.13,2.1129841479926124,1806.3655098642682,0.6810766830296371,239.1480341523839,4.732947889698903,124.73577771992944,118.7,136.7,5829.868079959539,2795.0416596933705,2.5810403573559633,-33.0,1428.8163127490143,0.0,124.05969610923822,37.426549384266835,-95.0,1266.5659812375702,-217.36714224272512,133.45777764493099,1182.656616639776,1176.756616639776,Strategic Grid,715.4962808742139,243.8809820420828,959.3772629162967,35.058718321273545,-217.36714224272512,0.0,0.0
2042-43,2042,460.1310052707583,257.5899264460259,96.72633037234371,272.13,2.109797632214636,1837.8252267204348,0.6882592230129547,239.3856957338394,4.732947889698903,124.53149284592456,118.7,136.6,5857.141890187303,2813.401469408047,2.582842818781873,-33.5,1428.8163127490143,0.0,124.05969610923822,37.426549384266835,-95.0,1269.0282936615959,-223.27928565790407,136.4076086360843,1182.156616639776,1176.256616639776,Strategic Grid,717.7209317167842,244.1186436235383,961.8395753403225,35.05871832127332,-223.27928565790407,0.0,0.0
2043-44,2043,467.1006111959164,252.86072646367148,96.09920171133813,272.13,2.1067155687097174,1869.0334833537433,0.6952518730919941,239.63069541195853,4.732947889698903,124.32953486178106,118.6,136.4,5884.523672878968,2831.761296180394,2.584703082491822,-34.0,1428.8163127490143,0.0,124.05969610923822,37.426549384266835,-95.0,1271.5136992825187,-229.48972506146262,139.63264241872,1181.656616639776,1175.756616639776,Strategic Grid,719.9613376595878,244.36364330165742,964.3249809612453,35.05871832127343,-229.48972506146262,0.0,0.0
2044-45,2044,474.51474585648174,247.80362336026946,95.48015211938717,272.13,2.106621641558096,1899.9959565256145,0.7020605263403521,239.22761920747982,4.732947889698903,124.14363786304689,118.6,136.5,5912.181270052472,2850.121139938404,2.579065581327968,-34.5,1428.8163127490143,0.0,124.05969610923822,37.426549384266835,-95.0,1273.4676546352034,-235.05135737194018,142.74031937651284,1181.156616639776,1175.256616639776,Strategic Grid,722.3183692167512,243.9605670971787,966.2789363139299,35.058718321273545,-235.05135737194018,0.0,0.0
